{
  "backpropType" : "Standard",
  "cacheMode" : "NONE",
  "dataType" : "FLOAT",
  "defaultConfiguration" : {
    "cacheMode" : "NONE",
    "dataType" : "FLOAT",
    "epochCount" : 0,
    "iterationCount" : 0,
    "layer" : null,
    "maxNumLineSearchIterations" : 5,
    "miniBatch" : true,
    "minimize" : true,
    "optimizationAlgo" : "STOCHASTIC_GRADIENT_DESCENT",
    "seed" : 123,
    "stepFunction" : null,
    "variables" : [ "dense1_W", "dense1_b", "dense2_W", "dense2_b", "dense3_W", "dense3_b", "dense4_W", "dense4_b", "output_W", "output_b" ]
  },
  "epochCount" : 0,
  "inferenceWorkspaceMode" : "ENABLED",
  "iterationCount" : 390625,
  "networkInputs" : [ "input1", "input2" ],
  "networkOutputs" : [ "output" ],
  "tbpttBackLength" : 20,
  "tbpttFwdLength" : 20,
  "topologicalOrder" : [ 0, 1, 2, 3, 4, 5, 6, 7 ],
  "topologicalOrderStr" : [ "input1", "input2", "dense1", "dense2", "merge", "dense3", "dense4", "output" ],
  "trainingWorkspaceMode" : "ENABLED",
  "validateOutputLayerConfig" : true,
  "vertexInputs" : {
    "dense1" : [ "input1" ],
    "dense2" : [ "input2" ],
    "merge" : [ "dense1", "dense2" ],
    "dense3" : [ "merge" ],
    "dense4" : [ "dense3" ],
    "output" : [ "dense4" ]
  },
  "vertices" : {
    "dense1" : {
      "@class" : "org.deeplearning4j.nn.conf.graph.LayerVertex",
      "layerConf" : {
        "cacheMode" : "NONE",
        "dataType" : "FLOAT",
        "epochCount" : 0,
        "iterationCount" : 0,
        "layer" : {
          "@class" : "org.deeplearning4j.nn.conf.layers.DenseLayer",
          "activationFn" : {
            "@class" : "org.nd4j.linalg.activations.impl.ActivationIdentity"
          },
          "biasInit" : 0.0,
          "biasUpdater" : null,
          "constraints" : null,
          "gainInit" : 1.0,
          "gradientNormalization" : "None",
          "gradientNormalizationThreshold" : 1.0,
          "hasBias" : true,
          "hasLayerNorm" : false,
          "idropout" : null,
          "iupdater" : {
            "@class" : "org.nd4j.linalg.learning.config.Sgd",
            "learningRate" : 0.001
          },
          "layerName" : "dense1",
          "nin" : 34,
          "nout" : 4096,
          "regularization" : [ ],
          "regularizationBias" : [ ],
          "timeDistributedFormat" : null,
          "weightInitFn" : {
            "@class" : "org.deeplearning4j.nn.weights.WeightInitXavier"
          },
          "weightNoise" : null
        },
        "maxNumLineSearchIterations" : 5,
        "miniBatch" : true,
        "minimize" : true,
        "optimizationAlgo" : "STOCHASTIC_GRADIENT_DESCENT",
        "seed" : 123,
        "stepFunction" : null,
        "variables" : [ "W", "b" ]
      },
      "outputVertex" : false,
      "preProcessor" : null
    },
    "dense2" : {
      "@class" : "org.deeplearning4j.nn.conf.graph.LayerVertex",
      "layerConf" : {
        "cacheMode" : "NONE",
        "dataType" : "FLOAT",
        "epochCount" : 0,
        "iterationCount" : 0,
        "layer" : {
          "@class" : "org.deeplearning4j.nn.conf.layers.DenseLayer",
          "activationFn" : {
            "@class" : "org.nd4j.linalg.activations.impl.ActivationIdentity"
          },
          "biasInit" : 0.0,
          "biasUpdater" : null,
          "constraints" : null,
          "gainInit" : 1.0,
          "gradientNormalization" : "None",
          "gradientNormalizationThreshold" : 1.0,
          "hasBias" : true,
          "hasLayerNorm" : false,
          "idropout" : null,
          "iupdater" : {
            "@class" : "org.nd4j.linalg.learning.config.Sgd",
            "learningRate" : 0.001
          },
          "layerName" : "dense2",
          "nin" : 34,
          "nout" : 4096,
          "regularization" : [ ],
          "regularizationBias" : [ ],
          "timeDistributedFormat" : null,
          "weightInitFn" : {
            "@class" : "org.deeplearning4j.nn.weights.WeightInitXavier"
          },
          "weightNoise" : null
        },
        "maxNumLineSearchIterations" : 5,
        "miniBatch" : true,
        "minimize" : true,
        "optimizationAlgo" : "STOCHASTIC_GRADIENT_DESCENT",
        "seed" : 123,
        "stepFunction" : null,
        "variables" : [ "W", "b" ]
      },
      "outputVertex" : false,
      "preProcessor" : null
    },
    "merge" : {
      "@class" : "org.deeplearning4j.nn.conf.graph.MergeVertex",
      "mergeAxis" : 1,
      "modified" : false
    },
    "dense3" : {
      "@class" : "org.deeplearning4j.nn.conf.graph.LayerVertex",
      "layerConf" : {
        "cacheMode" : "NONE",
        "dataType" : "FLOAT",
        "epochCount" : 0,
        "iterationCount" : 0,
        "layer" : {
          "@class" : "org.deeplearning4j.nn.conf.layers.DenseLayer",
          "activationFn" : {
            "@class" : "org.nd4j.linalg.activations.impl.ActivationReLU",
            "max" : null,
            "negativeSlope" : null,
            "threshold" : null
          },
          "biasInit" : 0.0,
          "biasUpdater" : null,
          "constraints" : null,
          "gainInit" : 1.0,
          "gradientNormalization" : "None",
          "gradientNormalizationThreshold" : 1.0,
          "hasBias" : true,
          "hasLayerNorm" : false,
          "idropout" : {
            "@class" : "org.deeplearning4j.nn.conf.dropout.Dropout",
            "p" : 0.1,
            "helperAllowFallback" : true,
            "pschedule" : null
          },
          "iupdater" : {
            "@class" : "org.nd4j.linalg.learning.config.Sgd",
            "learningRate" : 0.001
          },
          "layerName" : "dense3",
          "nin" : 8192,
          "nout" : 2048,
          "regularization" : [ ],
          "regularizationBias" : [ ],
          "timeDistributedFormat" : null,
          "weightInitFn" : {
            "@class" : "org.deeplearning4j.nn.weights.WeightInitXavier"
          },
          "weightNoise" : null
        },
        "maxNumLineSearchIterations" : 5,
        "miniBatch" : true,
        "minimize" : true,
        "optimizationAlgo" : "STOCHASTIC_GRADIENT_DESCENT",
        "seed" : 123,
        "stepFunction" : null,
        "variables" : [ "W", "b" ]
      },
      "outputVertex" : false,
      "preProcessor" : null
    },
    "dense4" : {
      "@class" : "org.deeplearning4j.nn.conf.graph.LayerVertex",
      "layerConf" : {
        "cacheMode" : "NONE",
        "dataType" : "FLOAT",
        "epochCount" : 0,
        "iterationCount" : 0,
        "layer" : {
          "@class" : "org.deeplearning4j.nn.conf.layers.DenseLayer",
          "activationFn" : {
            "@class" : "org.nd4j.linalg.activations.impl.ActivationReLU",
            "max" : null,
            "negativeSlope" : null,
            "threshold" : null
          },
          "biasInit" : 0.0,
          "biasUpdater" : null,
          "constraints" : null,
          "gainInit" : 1.0,
          "gradientNormalization" : "None",
          "gradientNormalizationThreshold" : 1.0,
          "hasBias" : true,
          "hasLayerNorm" : false,
          "idropout" : {
            "@class" : "org.deeplearning4j.nn.conf.dropout.Dropout",
            "p" : 0.1,
            "helperAllowFallback" : true,
            "pschedule" : null
          },
          "iupdater" : {
            "@class" : "org.nd4j.linalg.learning.config.Sgd",
            "learningRate" : 0.001
          },
          "layerName" : "dense4",
          "nin" : 2048,
          "nout" : 1024,
          "regularization" : [ ],
          "regularizationBias" : [ ],
          "timeDistributedFormat" : null,
          "weightInitFn" : {
            "@class" : "org.deeplearning4j.nn.weights.WeightInitXavier"
          },
          "weightNoise" : null
        },
        "maxNumLineSearchIterations" : 5,
        "miniBatch" : true,
        "minimize" : true,
        "optimizationAlgo" : "STOCHASTIC_GRADIENT_DESCENT",
        "seed" : 123,
        "stepFunction" : null,
        "variables" : [ "W", "b" ]
      },
      "outputVertex" : false,
      "preProcessor" : null
    },
    "output" : {
      "@class" : "org.deeplearning4j.nn.conf.graph.LayerVertex",
      "layerConf" : {
        "cacheMode" : "NONE",
        "dataType" : "FLOAT",
        "epochCount" : 0,
        "iterationCount" : 0,
        "layer" : {
          "@class" : "org.deeplearning4j.nn.conf.layers.OutputLayer",
          "activationFn" : {
            "@class" : "org.nd4j.linalg.activations.impl.ActivationTanH"
          },
          "biasInit" : 0.0,
          "biasUpdater" : null,
          "constraints" : null,
          "gainInit" : 1.0,
          "gradientNormalization" : "None",
          "gradientNormalizationThreshold" : 1.0,
          "hasBias" : true,
          "idropout" : null,
          "iupdater" : {
            "@class" : "org.nd4j.linalg.learning.config.Sgd",
            "learningRate" : 0.001
          },
          "layerName" : "output",
          "lossFn" : {
            "@class" : "org.nd4j.linalg.lossfunctions.impl.LossMAE"
          },
          "nin" : 1024,
          "nout" : 1,
          "regularization" : [ ],
          "regularizationBias" : [ ],
          "timeDistributedFormat" : null,
          "weightInitFn" : {
            "@class" : "org.deeplearning4j.nn.weights.WeightInitXavier"
          },
          "weightNoise" : null
        },
        "maxNumLineSearchIterations" : 5,
        "miniBatch" : true,
        "minimize" : true,
        "optimizationAlgo" : "STOCHASTIC_GRADIENT_DESCENT",
        "seed" : 123,
        "stepFunction" : null,
        "variables" : [ "W", "b" ]
      },
      "outputVertex" : false,
      "preProcessor" : null
    }
  }
}