{
  "backpropType" : "Standard",
  "cacheMode" : "NONE",
  "dataType" : "FLOAT",
  "defaultConfiguration" : {
    "cacheMode" : "NONE",
    "dataType" : "FLOAT",
    "epochCount" : 0,
    "iterationCount" : 0,
    "layer" : null,
    "maxNumLineSearchIterations" : 5,
    "miniBatch" : true,
    "minimize" : true,
    "optimizationAlgo" : "STOCHASTIC_GRADIENT_DESCENT",
    "seed" : 123,
    "stepFunction" : null,
    "variables" : [ "conv1_W", "conv1_b", "conv2_W", "conv2_b", "dense1_W", "dense1_b", "dense2_W", "dense2_b", "output_W", "output_b" ]
  },
  "epochCount" : 0,
  "inferenceWorkspaceMode" : "ENABLED",
  "iterationCount" : 200,
  "networkInputs" : [ "input" ],
  "networkOutputs" : [ "output" ],
  "tbpttBackLength" : 20,
  "tbpttFwdLength" : 20,
  "topologicalOrder" : [ 0, 1, 2, 3, 4, 5, 6, 7 ],
  "topologicalOrderStr" : [ "input", "conv1", "conv2", "pooling1", "flatten", "dense1", "dense2", "output" ],
  "trainingWorkspaceMode" : "ENABLED",
  "validateOutputLayerConfig" : true,
  "vertexInputs" : {
    "conv1" : [ "input" ],
    "conv2" : [ "conv1" ],
    "pooling1" : [ "conv2" ],
    "flatten" : [ "pooling1" ],
    "dense1" : [ "flatten" ],
    "dense2" : [ "dense1" ],
    "output" : [ "dense2" ]
  },
  "vertices" : {
    "conv1" : {
      "@class" : "org.deeplearning4j.nn.conf.graph.LayerVertex",
      "layerConf" : {
        "cacheMode" : "NONE",
        "dataType" : "FLOAT",
        "epochCount" : 0,
        "iterationCount" : 0,
        "layer" : {
          "@class" : "org.deeplearning4j.nn.conf.layers.ConvolutionLayer",
          "activationFn" : {
            "@class" : "org.nd4j.linalg.activations.impl.ActivationReLU",
            "max" : null,
            "negativeSlope" : null,
            "threshold" : null
          },
          "biasInit" : 0.0,
          "biasUpdater" : null,
          "cnn2dDataFormat" : "NCHW",
          "constraints" : null,
          "convolutionMode" : "Truncate",
          "cudnnAlgoMode" : "PREFER_FASTEST",
          "cudnnAllowFallback" : true,
          "cudnnBwdDataAlgo" : null,
          "cudnnBwdFilterAlgo" : null,
          "cudnnFwdAlgo" : null,
          "dilation" : [ 1, 1 ],
          "gainInit" : 1.0,
          "gradientNormalization" : "None",
          "gradientNormalizationThreshold" : 1.0,
          "hasBias" : true,
          "idropout" : null,
          "iupdater" : {
            "@class" : "org.nd4j.linalg.learning.config.Sgd",
            "learningRate" : 0.001
          },
          "kernelSize" : [ 1, 3 ],
          "layerName" : "conv1",
          "nin" : 19,
          "nout" : 32,
          "padding" : [ 0, 0 ],
          "regularization" : [ ],
          "regularizationBias" : [ ],
          "stride" : [ 1, 1 ],
          "timeDistributedFormat" : null,
          "weightInitFn" : {
            "@class" : "org.deeplearning4j.nn.weights.WeightInitXavier"
          },
          "weightNoise" : null
        },
        "maxNumLineSearchIterations" : 5,
        "miniBatch" : true,
        "minimize" : true,
        "optimizationAlgo" : "STOCHASTIC_GRADIENT_DESCENT",
        "seed" : 123,
        "stepFunction" : null,
        "variables" : [ "W", "b" ]
      },
      "outputVertex" : false,
      "preProcessor" : null
    },
    "conv2" : {
      "@class" : "org.deeplearning4j.nn.conf.graph.LayerVertex",
      "layerConf" : {
        "cacheMode" : "NONE",
        "dataType" : "FLOAT",
        "epochCount" : 0,
        "iterationCount" : 0,
        "layer" : {
          "@class" : "org.deeplearning4j.nn.conf.layers.ConvolutionLayer",
          "activationFn" : {
            "@class" : "org.nd4j.linalg.activations.impl.ActivationReLU",
            "max" : null,
            "negativeSlope" : null,
            "threshold" : null
          },
          "biasInit" : 0.0,
          "biasUpdater" : null,
          "cnn2dDataFormat" : "NCHW",
          "constraints" : null,
          "convolutionMode" : "Truncate",
          "cudnnAlgoMode" : "PREFER_FASTEST",
          "cudnnAllowFallback" : true,
          "cudnnBwdDataAlgo" : null,
          "cudnnBwdFilterAlgo" : null,
          "cudnnFwdAlgo" : null,
          "dilation" : [ 1, 1 ],
          "gainInit" : 1.0,
          "gradientNormalization" : "None",
          "gradientNormalizationThreshold" : 1.0,
          "hasBias" : true,
          "idropout" : null,
          "iupdater" : {
            "@class" : "org.nd4j.linalg.learning.config.Sgd",
            "learningRate" : 0.001
          },
          "kernelSize" : [ 1, 3 ],
          "layerName" : "conv2",
          "nin" : 32,
          "nout" : 64,
          "padding" : [ 0, 0 ],
          "regularization" : [ ],
          "regularizationBias" : [ ],
          "stride" : [ 1, 1 ],
          "timeDistributedFormat" : null,
          "weightInitFn" : {
            "@class" : "org.deeplearning4j.nn.weights.WeightInitXavier"
          },
          "weightNoise" : null
        },
        "maxNumLineSearchIterations" : 5,
        "miniBatch" : true,
        "minimize" : true,
        "optimizationAlgo" : "STOCHASTIC_GRADIENT_DESCENT",
        "seed" : 123,
        "stepFunction" : null,
        "variables" : [ "W", "b" ]
      },
      "outputVertex" : false,
      "preProcessor" : null
    },
    "pooling1" : {
      "@class" : "org.deeplearning4j.nn.conf.graph.LayerVertex",
      "layerConf" : {
        "cacheMode" : "NONE",
        "dataType" : "FLOAT",
        "epochCount" : 0,
        "iterationCount" : 0,
        "layer" : {
          "@class" : "org.deeplearning4j.nn.conf.layers.SubsamplingLayer",
          "avgPoolIncludePadInDivisor" : false,
          "cnn2dDataFormat" : "NCHW",
          "constraints" : null,
          "convolutionMode" : "Truncate",
          "cudnnAllowFallback" : true,
          "dilation" : [ 1, 1 ],
          "eps" : 1.0E-8,
          "gradientNormalization" : "None",
          "gradientNormalizationThreshold" : 0.0,
          "idropout" : null,
          "kernelSize" : [ 1, 2 ],
          "layerName" : "pooling1",
          "padding" : [ 0, 0 ],
          "pnorm" : 0,
          "poolingType" : "MAX",
          "stride" : [ 1, 2 ]
        },
        "maxNumLineSearchIterations" : 5,
        "miniBatch" : true,
        "minimize" : true,
        "optimizationAlgo" : "STOCHASTIC_GRADIENT_DESCENT",
        "seed" : 123,
        "stepFunction" : null,
        "variables" : [ ]
      },
      "outputVertex" : false,
      "preProcessor" : null
    },
    "flatten" : {
      "@class" : "org.deeplearning4j.nn.conf.graph.PreprocessorVertex",
      "preProcessor" : {
        "@class" : "org.deeplearning4j.nn.conf.preprocessor.CnnToFeedForwardPreProcessor",
        "format" : "NCHW",
        "inputHeight" : 8,
        "inputWidth" : 2,
        "numChannels" : 64
      }
    },
    "dense1" : {
      "@class" : "org.deeplearning4j.nn.conf.graph.LayerVertex",
      "layerConf" : {
        "cacheMode" : "NONE",
        "dataType" : "FLOAT",
        "epochCount" : 0,
        "iterationCount" : 0,
        "layer" : {
          "@class" : "org.deeplearning4j.nn.conf.layers.DenseLayer",
          "activationFn" : {
            "@class" : "org.nd4j.linalg.activations.impl.ActivationReLU",
            "max" : null,
            "negativeSlope" : null,
            "threshold" : null
          },
          "biasInit" : 0.0,
          "biasUpdater" : null,
          "constraints" : null,
          "gainInit" : 1.0,
          "gradientNormalization" : "None",
          "gradientNormalizationThreshold" : 1.0,
          "hasBias" : true,
          "hasLayerNorm" : false,
          "idropout" : null,
          "iupdater" : {
            "@class" : "org.nd4j.linalg.learning.config.Sgd",
            "learningRate" : 0.001
          },
          "layerName" : "dense1",
          "nin" : 1024,
          "nout" : 2048,
          "regularization" : [ ],
          "regularizationBias" : [ ],
          "timeDistributedFormat" : null,
          "weightInitFn" : {
            "@class" : "org.deeplearning4j.nn.weights.WeightInitXavier"
          },
          "weightNoise" : null
        },
        "maxNumLineSearchIterations" : 5,
        "miniBatch" : true,
        "minimize" : true,
        "optimizationAlgo" : "STOCHASTIC_GRADIENT_DESCENT",
        "seed" : 123,
        "stepFunction" : null,
        "variables" : [ "W", "b" ]
      },
      "outputVertex" : false,
      "preProcessor" : null
    },
    "dense2" : {
      "@class" : "org.deeplearning4j.nn.conf.graph.LayerVertex",
      "layerConf" : {
        "cacheMode" : "NONE",
        "dataType" : "FLOAT",
        "epochCount" : 0,
        "iterationCount" : 0,
        "layer" : {
          "@class" : "org.deeplearning4j.nn.conf.layers.DenseLayer",
          "activationFn" : {
            "@class" : "org.nd4j.linalg.activations.impl.ActivationReLU",
            "max" : null,
            "negativeSlope" : null,
            "threshold" : null
          },
          "biasInit" : 0.0,
          "biasUpdater" : null,
          "constraints" : null,
          "gainInit" : 1.0,
          "gradientNormalization" : "None",
          "gradientNormalizationThreshold" : 1.0,
          "hasBias" : true,
          "hasLayerNorm" : false,
          "idropout" : null,
          "iupdater" : {
            "@class" : "org.nd4j.linalg.learning.config.Sgd",
            "learningRate" : 0.001
          },
          "layerName" : "dense2",
          "nin" : 2048,
          "nout" : 1024,
          "regularization" : [ ],
          "regularizationBias" : [ ],
          "timeDistributedFormat" : null,
          "weightInitFn" : {
            "@class" : "org.deeplearning4j.nn.weights.WeightInitXavier"
          },
          "weightNoise" : null
        },
        "maxNumLineSearchIterations" : 5,
        "miniBatch" : true,
        "minimize" : true,
        "optimizationAlgo" : "STOCHASTIC_GRADIENT_DESCENT",
        "seed" : 123,
        "stepFunction" : null,
        "variables" : [ "W", "b" ]
      },
      "outputVertex" : false,
      "preProcessor" : null
    },
    "output" : {
      "@class" : "org.deeplearning4j.nn.conf.graph.LayerVertex",
      "layerConf" : {
        "cacheMode" : "NONE",
        "dataType" : "FLOAT",
        "epochCount" : 0,
        "iterationCount" : 0,
        "layer" : {
          "@class" : "org.deeplearning4j.nn.conf.layers.OutputLayer",
          "activationFn" : {
            "@class" : "org.nd4j.linalg.activations.impl.ActivationTanH"
          },
          "biasInit" : 0.0,
          "biasUpdater" : null,
          "constraints" : null,
          "gainInit" : 1.0,
          "gradientNormalization" : "None",
          "gradientNormalizationThreshold" : 1.0,
          "hasBias" : true,
          "idropout" : null,
          "iupdater" : {
            "@class" : "org.nd4j.linalg.learning.config.Sgd",
            "learningRate" : 0.001
          },
          "layerName" : "output",
          "lossFn" : {
            "@class" : "org.nd4j.linalg.lossfunctions.impl.LossMSE"
          },
          "nin" : 1024,
          "nout" : 1,
          "regularization" : [ ],
          "regularizationBias" : [ ],
          "timeDistributedFormat" : null,
          "weightInitFn" : {
            "@class" : "org.deeplearning4j.nn.weights.WeightInitXavier"
          },
          "weightNoise" : null
        },
        "maxNumLineSearchIterations" : 5,
        "miniBatch" : true,
        "minimize" : true,
        "optimizationAlgo" : "STOCHASTIC_GRADIENT_DESCENT",
        "seed" : 123,
        "stepFunction" : null,
        "variables" : [ "W", "b" ]
      },
      "outputVertex" : false,
      "preProcessor" : null
    }
  }
}